CREATE DATABASE  IF NOT EXISTS `ghealth` /*!40100 DEFAULT CHARACTER SET latin1 */;
USE `ghealth`;
-- MySQL dump 10.13  Distrib 5.6.17, for Win32 (x86)
--
-- Host: localhost    Database: ghealth
-- ------------------------------------------------------
-- Server version	5.6.28-log

/*!40101 SET @OLD_CHARACTER_SET_CLIENT=@@CHARACTER_SET_CLIENT */;
/*!40101 SET @OLD_CHARACTER_SET_RESULTS=@@CHARACTER_SET_RESULTS */;
/*!40101 SET @OLD_COLLATION_CONNECTION=@@COLLATION_CONNECTION */;
/*!40101 SET NAMES utf8 */;
/*!40103 SET @OLD_TIME_ZONE=@@TIME_ZONE */;
/*!40103 SET TIME_ZONE='+00:00' */;
/*!40014 SET @OLD_UNIQUE_CHECKS=@@UNIQUE_CHECKS, UNIQUE_CHECKS=0 */;
/*!40014 SET @OLD_FOREIGN_KEY_CHECKS=@@FOREIGN_KEY_CHECKS, FOREIGN_KEY_CHECKS=0 */;
/*!40101 SET @OLD_SQL_MODE=@@SQL_MODE, SQL_MODE='NO_AUTO_VALUE_ON_ZERO' */;
/*!40111 SET @OLD_SQL_NOTES=@@SQL_NOTES, SQL_NOTES=0 */;

--
-- Table structure for table `abstract_person`
--

DROP TABLE IF EXISTS `abstract_person`;
/*!40101 SET @saved_cs_client     = @@character_set_client */;
/*!40101 SET character_set_client = utf8 */;
CREATE TABLE `abstract_person` (
  `ID` int(10) NOT NULL AUTO_INCREMENT,
  `Name` varchar(255) DEFAULT NULL,
  `familyName` varchar(255) DEFAULT NULL,
  `email` varchar(255) DEFAULT NULL,
  `address` varchar(255) DEFAULT NULL,
  `gender` varchar(255) DEFAULT NULL,
  PRIMARY KEY (`ID`)
) ENGINE=InnoDB AUTO_INCREMENT=499037840 DEFAULT CHARSET=utf8;
/*!40101 SET character_set_client = @saved_cs_client */;

--
-- Dumping data for table `abstract_person`
--

LOCK TABLES `abstract_person` WRITE;
/*!40000 ALTER TABLE `abstract_person` DISABLE KEYS */;
INSERT INTO `abstract_person` VALUES (111111111,'shay','zafran','shayzaf25@gmail.com','braude','Male'),(123456789,'ytzik','hazan','shayzaf25@gmaill.com','da','male'),(200543871,'oz','elimeleh','shayzaf25@gmail.com','hatzav','male'),(201143093,'or','cohen','vl4d89@gmail.com','tirush','male'),(201345789,'David','Rotshild','rotshild@mail.ru','Ben Ami Haifa','Male'),(210908764,'bar','regev','yafit.aronovich@gmail.com','lulav','female'),(222222222,'yafit','avram','yafit.aronovich@gmail.com','braude','Male'),(300234323,'avi','reshef','rotshild@mail.ru','be gurion','male'),(300897561,'shron','noah','shayzaf25@gmail.com','shoshanim','male'),(301121542,'eti','levi','asaf11108@gmail.com','hativat golani','female'),(302628649,'asaf','regev','asaf11108@gmail.com','havazelet','Male'),(309098999,'dudu','aharon','asaf11108@gmail.com','shoshanim','male'),(309197119,'Vlad','Teplitski','vl4d89@gmail.com','Mordechay Gour Acco','Male'),(346565356,'moshe','peretz','vl4d89@gmail.com','goshrim','male'),(409098765,'karin','goren','yafit.aronovich@gmail.com','shoshanim','female'),(499037839,'eyal','golan','shayzaf25@gmail.com','savion','male');
/*!40000 ALTER TABLE `abstract_person` ENABLE KEYS */;
UNLOCK TABLES;

--
-- Table structure for table `abstract_referral`
--

DROP TABLE IF EXISTS `abstract_referral`;
/*!40101 SET @saved_cs_client     = @@character_set_client */;
/*!40101 SET character_set_client = utf8 */;
CREATE TABLE `abstract_referral` (
  `ReferralID` int(10) NOT NULL,
  `refPatientID` int(11) DEFAULT NULL,
  `Date` varchar(255) DEFAULT NULL,
  `Status` tinyint(1) DEFAULT NULL,
  `description` varchar(255) DEFAULT NULL,
  PRIMARY KEY (`ReferralID`),
  KEY `refPatientID_idx` (`refPatientID`),
  CONSTRAINT `refPatientID` FOREIGN KEY (`refPatientID`) REFERENCES `patient` (`personID`) ON DELETE NO ACTION ON UPDATE NO ACTION
) ENGINE=InnoDB DEFAULT CHARSET=utf8;
/*!40101 SET character_set_client = @saved_cs_client */;

--
-- Dumping data for table `abstract_referral`
--

LOCK TABLES `abstract_referral` WRITE;
/*!40000 ALTER TABLE `abstract_referral` DISABLE KEYS */;
INSERT INTO `abstract_referral` VALUES (2,309197119,'2016-06-09',1,''),(3,309098999,'2016-06-10',0,'dfrf'),(4,309197119,'2016-06-10',0,'hello'),(5,499037839,'2016-06-10',0,'ok'),(6,499037839,'2016-06-10',0,'ok'),(7,499037839,'2016-06-10',0,'hi'),(8,346565356,'2016-06-10',0,'project'),(9,346565356,'2016-06-10',0,'patient ok'),(1122,309197119,'1.12.2015',0,'Blood count');
/*!40000 ALTER TABLE `abstract_referral` ENABLE KEYS */;
UNLOCK TABLES;

--
-- Table structure for table `appointment`
--

DROP TABLE IF EXISTS `appointment`;
/*!40101 SET @saved_cs_client     = @@character_set_client */;
/*!40101 SET character_set_client = utf8 */;
CREATE TABLE `appointment` (
  `appID` int(11) NOT NULL,
  `date` varchar(45) DEFAULT NULL,
  `hour` varchar(45) DEFAULT NULL,
  `weight` double DEFAULT NULL,
  `BloodPresure` varchar(45) DEFAULT NULL,
  `description` varchar(250) DEFAULT NULL,
  `diagnosis` varchar(150) DEFAULT NULL,
  PRIMARY KEY (`appID`),
  CONSTRAINT `appID` FOREIGN KEY (`appID`) REFERENCES `operator_appointment_creation` (`apcID`) ON DELETE NO ACTION ON UPDATE NO ACTION
) ENGINE=InnoDB DEFAULT CHARSET=utf8;
/*!40101 SET character_set_client = @saved_cs_client */;

--
-- Dumping data for table `appointment`
--

LOCK TABLES `appointment` WRITE;
/*!40000 ALTER TABLE `appointment` DISABLE KEYS */;
INSERT INTO `appointment` VALUES (1,'2009','08:00',60,'60','gggg','ddd'),(2,'2016-06-13','10:00',70,'50','ffff','dddd');
/*!40000 ALTER TABLE `appointment` ENABLE KEYS */;
UNLOCK TABLES;

--
-- Table structure for table `clinic`
--

DROP TABLE IF EXISTS `clinic`;
/*!40101 SET @saved_cs_client     = @@character_set_client */;
/*!40101 SET character_set_client = utf8 */;
CREATE TABLE `clinic` (
  `ClinicID` int(11) NOT NULL,
  `ClinicName` varchar(45) DEFAULT NULL,
  `NumOfPatient` int(11) DEFAULT NULL,
  `ManagerID` int(11) DEFAULT NULL,
  `LabID` int(11) DEFAULT NULL,
  PRIMARY KEY (`ClinicID`),
  KEY `LabID_idx` (`LabID`),
  KEY `ManagerID_idx` (`ManagerID`),
  CONSTRAINT `LabID` FOREIGN KEY (`LabID`) REFERENCES `lab` (`LabID`) ON DELETE NO ACTION ON UPDATE NO ACTION,
  CONSTRAINT `ManagerID` FOREIGN KEY (`ManagerID`) REFERENCES `user` (`worker_num`) ON DELETE NO ACTION ON UPDATE NO ACTION
) ENGINE=InnoDB DEFAULT CHARSET=utf8;
/*!40101 SET character_set_client = @saved_cs_client */;

--
-- Dumping data for table `clinic`
--

LOCK TABLES `clinic` WRITE;
/*!40000 ALTER TABLE `clinic` DISABLE KEYS */;
INSERT INTO `clinic` VALUES (3001,'Golani',NULL,NULL,NULL);
/*!40000 ALTER TABLE `clinic` ENABLE KEYS */;
UNLOCK TABLES;

--
-- Table structure for table `hmo`
--

DROP TABLE IF EXISTS `hmo`;
/*!40101 SET @saved_cs_client     = @@character_set_client */;
/*!40101 SET character_set_client = utf8 */;
CREATE TABLE `hmo` (
  `HMO` varchar(10) NOT NULL,
  `email` varchar(45) DEFAULT NULL,
  PRIMARY KEY (`HMO`)
) ENGINE=InnoDB DEFAULT CHARSET=latin1;
/*!40101 SET character_set_client = @saved_cs_client */;

--
-- Dumping data for table `hmo`
--

LOCK TABLES `hmo` WRITE;
/*!40000 ALTER TABLE `hmo` DISABLE KEYS */;
INSERT INTO `hmo` VALUES ('clalit','ghealthbraude@gmail.com');
/*!40000 ALTER TABLE `hmo` ENABLE KEYS */;
UNLOCK TABLES;

--
-- Table structure for table `image`
--

DROP TABLE IF EXISTS `image`;
/*!40101 SET @saved_cs_client     = @@character_set_client */;
/*!40101 SET character_set_client = utf8 */;
CREATE TABLE `image` (
  `imageid` int(11) DEFAULT NULL,
  `image` blob,
  `imgSerial` int(11) NOT NULL,
  PRIMARY KEY (`imgSerial`),
  KEY `imageid_idx` (`imageid`),
  CONSTRAINT `imageid` FOREIGN KEY (`imageid`) REFERENCES `test_referral` (`testReferralNum`) ON DELETE NO ACTION ON UPDATE NO ACTION
) ENGINE=InnoDB DEFAULT CHARSET=latin1;
/*!40101 SET character_set_client = @saved_cs_client */;

--
-- Dumping data for table `image`
--

LOCK TABLES `image` WRITE;
/*!40000 ALTER TABLE `image` DISABLE KEYS */;
INSERT INTO `image` VALUES (2,'\0JFIF\0\0\0\0\0\0\0\0	( \Z%!1!%)+...383-7(-.+\n\n\n\r\Z\Z-% &+/-1+--------.-05---5-0--+---------+----+-----+---\0\0\"\0\0\0\0\0\0\0\0\0\0\0\0\0\0\0\0B\0\0\0\0\0!1AQaq\"2Bb#Rr3$4Ds\0\Z\0\0\0\0\0\0\0\0\0\0\0\0\00\0\0	\0\0\0\0\0\0\0!1AQ2q\"#aR\0\0\0?\0$B\n@*\0!H!B\0B֚x&w[qvǤz_fW H˔v7u.nP+ҵ)Q?{hWEx23l6=\\B6GiSB0=}Uql=#,JѬ&V[#.fhP.AB\0B !B\0B !\\JBD)\"\n!\0,Nu\Z%ڽc~g{A$\0w^.8C| F4%UlQ}=3{=qOp\nV>Wic)cdYcXK\rx*LaO>*z ~%ogm1kODtWDn\0B:ʶ#W.X;u7f\05嬛5a:5úӥ\0.-i0`}WV\0Z}K!.36#8Kh~>%BIFd0\rp\nCrùy8\noVY馩ހ֔$T;Պ85@]J R%3N1A<bdvNR2m\nz\\zN䢱ܜ&as<V0҉Y-w\'Sd~zc\\=/5q6Sho8q,3g=>lT._5^M.|qW1M{O5*<+Op\0Q\nl36oOǆp[)_eH(և/:|=\"voxu:~^U#H`1T<\'cskw\Z튑8\'7\Zwxy5<MiOOpܛB\'sT{ByMڦ8\0ǶS{*jyX[GeŽB8#_\nVҝ<(FS@QF\0\n\0 ifv@V,ԝh)rW\'dmVr/$Zx\'\nL \Zѽ:Iu\"/\Z&ހ=Yy>/T\r{ud@Ц.U% gMcK@ܢqxk.*2U/3\'F \\=5KLyi$\0<M$>/EɔYcɕ]ZUqu\'ȯ\\kZ\Z\0KFa>c请]*`ϯ]	6W5.pN7M,7MGmd`uDL!\Z{:-Hڑӻ}]\\SBFpД\0j\rjleёnqgbxu=2+c>KTS\r&bN;%ft\0hZu>P.p\'PS	nΦIQ(hVmQ	P\0F)JTl$w#Z9\'zBo@(o;xI0FRpNk $ڌRY@xV1^zP1nuϣ]Ay9;_yXmk5:ԗt2[O\"FtBIԧJTq.\'ס	~c4\'򸵸<|yPdj<)q3&-Q<jFzx(@0]>w\'S}Q/\'e*,F\ZL`ǉ\'v<SGZr\0}Uw;:o%mka/c_DJ*Bi>:\\f1Vʫ~\'si7x\'(T\rcF揂qvUBݦ9	(@<`.4!\0NQHG.t\nSeEJ\\ʳ-\'IN/	2z?݁UXN{Ou\'e\r{Yzk\nԷ==u.Fw!-y2TV#PJFMl\\Aa=qw9S)UuEriaKɩ1{T]\0r^=vWܣvXnUg7xBY$y\Zgh nK\n/\0ueUJAqZl!E]ΚK+mN}f	`āV!CRJ3I{<.NlHF`W9G#aZxh\0zl2|ʖ0@>JB,2\rR4(U#ҦTY;r\0\'f-q~	\0S{Tc	Aa٫md_/\0UM|%ie% \\`\0ԕc:5%cC-vI5Ƚߴ\\Gg{H5Ofn|&s^HE[p.:gY\nǺQ`4U\Zh@-$ltqu\ZIyik~\Z\"RXZ\\Z%qu h7K,U[b=L%_酶=Ύv8Xb0T6_\rF\\^&NsFӬTfhIsLZ\0Y\Zm][HWS9dk$c`*:FvGvfl5@&\"A.Qqo>Jƙ92]HU@ }6Vk)ֶxN+\r1bFBOV[p\nƓ;@X졾c:4:`wwuVKQv}+_j|bL$zR|lگP:nw:0G@?U٦kdJ\r|.s~\nvcj7XWWh[cGݔEnSi~.e+sK~!dQ	_I>\0-y\n{ jO\0e\Zqh*~{A:FVU|gjܮإhT̪8½`, (s𑣉BRd~\ZF/Sr5q-NxqLEGiQ\Zbok#\r,/Qw;;B\0dܠq],cb9x7cX檹</`dn(\0iS\'3<֝F8\0+\"k^^-|i\r:+:՟×U̗7+0ɝ߂Gµq9I]nU<K@:స3Utz~\nύZno3{˺ܓ;jS]4z_|^>1Rt\n֦|/\"u]QDI5KL88[Nx\nX`nxkP*72e)1N܏m,6i>\':%凷`6`Vͬx!}޹,UR^YtNa@mv_eIa>U\0%fS1OKt:~<37C;ʆRݛThu{.<̥N]\'3\\&$obG*_:eHE! :v.Aœ1ϣH9\r]\\@\'@\ni!\"y٫g\rAAiUb݆\rGNPl6Z		*˛.h;yKc6AS#cnB>3a8,]5Px>c=9y=mjXy4QP:	0#lL`qOh	^ii\n\n5\\{\':5gfBdjPut{{M4jy\\߱r5+l8V\ZQA*s4h-+tj-,65ANYf4m^Le&P)H) O`RK\Z@#@	Ov8\0NW ɲm¹N\0fcs;w Up$F&-~Մ\0Yc<)-fWIɨ\ZU8Hexq8ȱm1\ri,AHW  Xn$Z$huO}N]o\ZŶnTN%=$w?nmnDfݬ\n~PmYAj!Gw66C7qU+EA\\_SLC3\r鴐ݠNSscxݪsռ5GC16a⺑D4\\10HԪǹ(8\"aF%V2vl;A\08Cݭ3]:j31]SљbpU)s;^	h4Sk,v;U𱹋x()>0^LSҋI\"O%S)\ZvM47U;00W1Nkֶ/)pt󺡈:ؘ_f]z$itdY+{hu{&4Swp<Ta|Z&isg&]uF\0ff_R7VKz]\'$W5TYVaZ?>+PZI{~oHx^>ʱp=xm2\roǱv؞8@\ZvI?MM00\r/5T;tt΁:gy#\0p֭F[1Zj8lK^PωUqVeg#Ȧo/P9-ΎpJY8^f&\rkG\r033+HktQqѢn[c&([RN3Y^*<9Aׂ貍κa3rYJ)UM5ʯbDڕ,5<EZvi 3	$y\ni=9ȸAqA.t~E:%<(/dNX\0z@_(T\n\rDF|l 8zit@f0<@ktjP\naw1.8!-#|j8<˫=λ7c77B\r5&|!û3C],\Z\ZAK)k*hb$.h<*|JfFf~Aى5ñIK\0\"͗ ةѕV\n¡n =4890\Z;$D\0]ˊ9A\0`\rwNܩA`s[w[K+xFMF:_O:Sh]M&ʭf04ʽL0hi！ \ZWDUd\"4A\\\Z!p[#Γ&~\n^k\'uVAsW.$͈ydI/L	Ah\r|y:TxiJw]YհfúKJw~ZSI#FY\Z[_z1\n?e\\E]Qtu_OyZWgu-2I>I-qd1ca0Of$ \0E-Zݿ]I\'w\"iߛSI}\Z\0=G|׍y(1|&8r>02A^\nƵc_Uh7/@\r\'̵|WJo\"@]Qd,ާ2S&74HV㘼C7ұV=N,M!R\\>P(B)HB5	F.a T2 Hk6&DhNs܀k3<YLR6]O`Hanr9La&7Iڷxٷ~\ntZdR|B ӝF7|[a$	<ƣQUBn\"{f3cTe{66f zi棩KW\0sOb5p#S +RKZZ	rw|ЕZR +WLC6knKgp0,46:E ƂjHA(\"~Ui6\ZH6\'Mѥ	P),.$\"$k$R`qhk$k#DnES\n/\'2mu\Z$p{w^\"LF	Q%k3:#6%GASwoΫfSW-BenQtIsZES\rayx|\0B6\\\"4\nfưu`U<M,Y\Z\\bsj-	Li:$TR!	 2b54棥iq2|BB7<F.\0v}(#XH漟43;6h #sȧQڡHp&M=9:[F_B\" !!!	!B\"i\0ISR,eKH\'B5!ڈ׼{\nr)\0\ra`8ń	0Dv3aؑ6\0Bef\09iUpsKb`4A\0y!b:4>|1\"-*N1xGP	($$ltqu\ZIyik~\Z\"RXZ\\Z%qu h7K,U[b=L%_酶=Ύv8Xb0T6_\rF\\^&NsFӬTfhIsLZ\0Y\Zm][HWS9dk$c`*:FvGvfl5@&\"A.Qqo>Jƙ92]HU@ }6Vk)ֶxN+\r1bFBOV[p\nƓ;@X졾c:4:`wwuVKQv}+_j|bL$zR|lگP:nw:0G@?U٦kdJ\r|.s~\nvcj7XWWh[cGݔEnSi~.e+sK~!dQ	_I>\0-y\n{ jO\0e\Zqh*~{A:FVU|gjܮإhT̪8½`, (s𑣉BRd~\ZF/Sr5q-NxqLEGiQ\Zbok#\r,/Qw;;B\0dܠq],cb9x7cX檹</`dn(\0iS\'3<֝F8\0+\"k^^-|i\r:+:՟×U̗7+0ɝ߂Gµq9I]nU<K@:స3Utz~\nύZno3{˺ܓ;jS]4z_|^>1Rt\n֦|/\"u]QDI5KL88[Nx\nX`nxkP*72e)1N܏m,6i>\':%凷`6`Vͬx!}޹,UR^YtNa@mv_eIa>U\0%fS1OKt:~<37C;ʆRݛThu{.<̥N]\'3\\&$obG*_:eHE! :v.Aœ1ϣH9\r]\\@\'@\ni!\"y٫g\rAAiUb݆\rGNPl6Z		*˛.h;yKc6AS#cnB>3a8,]5Px>c=9y=mjXy4QP:	0#lL`qOh',1);
/*!40000 ALTER TABLE `image` ENABLE KEYS */;
UNLOCK TABLES;

--
-- Table structure for table `lab`
--

DROP TABLE IF EXISTS `lab`;
/*!40101 SET @saved_cs_client     = @@character_set_client */;
/*!40101 SET character_set_client = utf8 */;
CREATE TABLE `lab` (
  `LabID` int(11) NOT NULL,
  `LaboratorianID` int(11) DEFAULT NULL,
  PRIMARY KEY (`LabID`),
  KEY `LaboratorianID_idx` (`LaboratorianID`),
  CONSTRAINT `ClinicID` FOREIGN KEY (`LabID`) REFERENCES `clinic` (`ClinicID`) ON DELETE NO ACTION ON UPDATE NO ACTION,
  CONSTRAINT `LaboratorianID` FOREIGN KEY (`LaboratorianID`) REFERENCES `user` (`userID`) ON DELETE CASCADE ON UPDATE CASCADE
) ENGINE=InnoDB DEFAULT CHARSET=utf8;
/*!40101 SET character_set_client = @saved_cs_client */;

--
-- Dumping data for table `lab`
--

LOCK TABLES `lab` WRITE;
/*!40000 ALTER TABLE `lab` DISABLE KEYS */;
/*!40000 ALTER TABLE `lab` ENABLE KEYS */;
UNLOCK TABLES;

--
-- Table structure for table `operator_appointment_creation`
--

DROP TABLE IF EXISTS `operator_appointment_creation`;
/*!40101 SET @saved_cs_client     = @@character_set_client */;
/*!40101 SET character_set_client = utf8 */;
CREATE TABLE `operator_appointment_creation` (
  `apcID` int(11) NOT NULL,
  `patientID` int(11) DEFAULT NULL,
  `docID` int(11) DEFAULT NULL,
  `ClinicID_OAC` int(11) DEFAULT NULL COMMENT 'the clinic ID in operatorAppointmentCreation relation.',
  `CreationDate` varchar(45) DEFAULT NULL,
  `appointmentDate` varchar(45) DEFAULT NULL,
  `appointmentHour` varchar(45) DEFAULT NULL,
  `waitingTimeService` int(11) DEFAULT '-1',
  PRIMARY KEY (`apcID`),
  KEY `ClinicID_OAC_idx` (`ClinicID_OAC`),
  KEY `patientID_idx` (`patientID`),
  KEY `doctorID_idx` (`docID`),
  CONSTRAINT `ClinicID_OAC` FOREIGN KEY (`ClinicID_OAC`) REFERENCES `clinic` (`ClinicID`) ON DELETE NO ACTION ON UPDATE NO ACTION,
  CONSTRAINT `docID` FOREIGN KEY (`docID`) REFERENCES `specialist_doctor` (`specDocID`) ON DELETE NO ACTION ON UPDATE NO ACTION,
  CONSTRAINT `patientID` FOREIGN KEY (`patientID`) REFERENCES `patient` (`personID`) ON DELETE NO ACTION ON UPDATE NO ACTION
) ENGINE=InnoDB DEFAULT CHARSET=utf8;
/*!40101 SET character_set_client = @saved_cs_client */;

--
-- Dumping data for table `operator_appointment_creation`
--

LOCK TABLES `operator_appointment_creation` WRITE;
/*!40000 ALTER TABLE `operator_appointment_creation` DISABLE KEYS */;
INSERT INTO `operator_appointment_creation` VALUES (1,309197119,2001,3001,'2008','2009','08:00',-1),(2,309098999,2006,3001,'2016-06-10','2016-06-13','09:30',-1),(3,309197119,2001,3001,'2016-06-10','2016-06-14','16:30',-1),(4,499037839,2005,3001,'2016-06-10','2016-06-14','16:00',-1),(5,346565356,2006,3001,'2016-06-15','2016-06-14','12:00',-1),(6,346565356,2006,3001,'2016-06-15','2016-06-17','14:00',-1),(7,309197119,2001,3001,'2016-06-16','2016-06-17','11:00',-1),(8,309197119,2001,3001,'2016-06-20','2016-06-27','08:30',-1),(9,309197119,2001,3001,'2016-06-20','2016-06-27','08:30',-1);
/*!40000 ALTER TABLE `operator_appointment_creation` ENABLE KEYS */;
UNLOCK TABLES;

--
-- Table structure for table `patient`
--

DROP TABLE IF EXISTS `patient`;
/*!40101 SET @saved_cs_client     = @@character_set_client */;
/*!40101 SET character_set_client = utf8 */;
CREATE TABLE `patient` (
  `personID` int(11) NOT NULL COMMENT 'person ID -> abstract person (cascade)',
  `doctorID` int(11) DEFAULT NULL,
  `HMOName` varchar(10) DEFAULT NULL,
  `height` double DEFAULT NULL,
  PRIMARY KEY (`personID`),
  KEY `doctorID_idx` (`doctorID`),
  KEY `personID_idx` (`personID`),
  KEY `hmo_name_idx` (`HMOName`),
  CONSTRAINT `doctorID` FOREIGN KEY (`doctorID`) REFERENCES `user` (`worker_num`) ON DELETE NO ACTION ON UPDATE NO ACTION,
  CONSTRAINT `personID` FOREIGN KEY (`personID`) REFERENCES `abstract_person` (`ID`) ON DELETE NO ACTION ON UPDATE NO ACTION
) ENGINE=InnoDB DEFAULT CHARSET=utf8;
/*!40101 SET character_set_client = @saved_cs_client */;

--
-- Dumping data for table `patient`
--

LOCK TABLES `patient` WRITE;
/*!40000 ALTER TABLE `patient` DISABLE KEYS */;
INSERT INTO `patient` VALUES (123456789,2005,'clalit',179),(309098999,2005,'clalit',175),(309197119,2001,'clalit',170),(346565356,2006,'clalit',180),(409098765,2001,'clalit',167),(499037839,2005,'clalit',178);
/*!40000 ALTER TABLE `patient` ENABLE KEYS */;
UNLOCK TABLES;

--
-- Table structure for table `referral`
--

DROP TABLE IF EXISTS `referral`;
/*!40101 SET @saved_cs_client     = @@character_set_client */;
/*!40101 SET character_set_client = utf8 */;
CREATE TABLE `referral` (
  `ReferralNum` int(11) NOT NULL,
  `doc_specialization` varchar(45) DEFAULT NULL,
  PRIMARY KEY (`ReferralNum`),
  CONSTRAINT `ReferralNum` FOREIGN KEY (`ReferralNum`) REFERENCES `abstract_referral` (`ReferralID`) ON DELETE CASCADE ON UPDATE CASCADE
) ENGINE=InnoDB DEFAULT CHARSET=utf8;
/*!40101 SET character_set_client = @saved_cs_client */;

--
-- Dumping data for table `referral`
--

LOCK TABLES `referral` WRITE;
/*!40000 ALTER TABLE `referral` DISABLE KEYS */;
INSERT INTO `referral` VALUES (3,'Orthopedist'),(4,'dentist'),(5,'kids'),(6,'kids'),(7,'Otolaryngology'),(8,'Orthopedist'),(9,'Orthopedist');
/*!40000 ALTER TABLE `referral` ENABLE KEYS */;
UNLOCK TABLES;

--
-- Table structure for table `specialist_doctor`
--

DROP TABLE IF EXISTS `specialist_doctor`;
/*!40101 SET @saved_cs_client     = @@character_set_client */;
/*!40101 SET character_set_client = utf8 */;
CREATE TABLE `specialist_doctor` (
  `specDocID` int(11) NOT NULL,
  `Specialization` varchar(45) DEFAULT NULL,
  PRIMARY KEY (`specDocID`),
  CONSTRAINT `specDocID` FOREIGN KEY (`specDocID`) REFERENCES `user` (`worker_num`) ON DELETE NO ACTION ON UPDATE NO ACTION
) ENGINE=InnoDB DEFAULT CHARSET=utf8;
/*!40101 SET character_set_client = @saved_cs_client */;

--
-- Dumping data for table `specialist_doctor`
--

LOCK TABLES `specialist_doctor` WRITE;
/*!40000 ALTER TABLE `specialist_doctor` DISABLE KEYS */;
INSERT INTO `specialist_doctor` VALUES (2001,'dentist'),(2005,'kids'),(2006,'Orthopedist'),(2010,'women'),(2011,'Orthopedist');
/*!40000 ALTER TABLE `specialist_doctor` ENABLE KEYS */;
UNLOCK TABLES;

--
-- Table structure for table `test_referral`
--

DROP TABLE IF EXISTS `test_referral`;
/*!40101 SET @saved_cs_client     = @@character_set_client */;
/*!40101 SET character_set_client = utf8 */;
CREATE TABLE `test_referral` (
  `testReferralNum` int(11) NOT NULL,
  `Test_Kind` varchar(255) DEFAULT NULL,
  `doctorID` int(11) DEFAULT NULL,
  PRIMARY KEY (`testReferralNum`),
  KEY `dID_idx` (`doctorID`),
  CONSTRAINT `dID` FOREIGN KEY (`doctorID`) REFERENCES `specialist_doctor` (`specDocID`) ON DELETE NO ACTION ON UPDATE NO ACTION,
  CONSTRAINT `testReferralNum` FOREIGN KEY (`testReferralNum`) REFERENCES `abstract_referral` (`ReferralID`) ON DELETE CASCADE ON UPDATE CASCADE
) ENGINE=InnoDB DEFAULT CHARSET=utf8;
/*!40101 SET character_set_client = @saved_cs_client */;

--
-- Dumping data for table `test_referral`
--

LOCK TABLES `test_referral` WRITE;
/*!40000 ALTER TABLE `test_referral` DISABLE KEYS */;
INSERT INTO `test_referral` VALUES (2,'[eyes, piss]',2001),(7,'[eyes, piss]',2001),(1122,'Hemoglobin, Calcium, Minerals, Vitamins count',2001);
/*!40000 ALTER TABLE `test_referral` ENABLE KEYS */;
UNLOCK TABLES;

--
-- Table structure for table `test_result`
--

DROP TABLE IF EXISTS `test_result`;
/*!40101 SET @saved_cs_client     = @@character_set_client */;
/*!40101 SET character_set_client = utf8 */;
CREATE TABLE `test_result` (
  `testID` int(11) NOT NULL,
  `testResultReferralID` int(11) DEFAULT NULL,
  `test_result_description` varchar(255) DEFAULT NULL,
  PRIMARY KEY (`testID`),
  KEY `ReferralID_idx` (`testResultReferralID`),
  CONSTRAINT `testResultReferralID` FOREIGN KEY (`testResultReferralID`) REFERENCES `test_referral` (`testReferralNum`) ON DELETE NO ACTION ON UPDATE NO ACTION
) ENGINE=InnoDB DEFAULT CHARSET=utf8;
/*!40101 SET character_set_client = @saved_cs_client */;

--
-- Dumping data for table `test_result`
--

LOCK TABLES `test_result` WRITE;
/*!40000 ALTER TABLE `test_result` DISABLE KEYS */;
INSERT INTO `test_result` VALUES (1,1122,'Everthing is fine 123'),(2,7,'Everything is fine 123'),(3,1122,'Everthing is fine 123'),(4,1122,'Everthing is fine 123'),(5,1122,'Everthing is fine 123'),(6,1122,'Everthing is fine 123'),(7,1122,'Everthing is fine 123'),(8,1122,'Everthing is fine 123'),(9,1122,'Everthing is fine 123'),(10,1122,'Everthing is fine 123'),(11,1122,'Everthing is fine 123'),(12,1122,'Everthing is fine 123'),(13,1122,'Everthing is fine 123'),(14,1122,'Everthing is fine 123'),(15,1122,'Everthing is fine 123'),(16,1122,'Everthing is fine 123'),(17,1122,'Everthing is fine 123'),(18,1122,'Everthing is fine 123'),(19,1122,'Everthing is fine 123'),(20,1122,'Everthing is fine 123'),(21,1122,'Everthing is fine 123');
/*!40000 ALTER TABLE `test_result` ENABLE KEYS */;
UNLOCK TABLES;

--
-- Table structure for table `user`
--

DROP TABLE IF EXISTS `user`;
/*!40101 SET @saved_cs_client     = @@character_set_client */;
/*!40101 SET character_set_client = utf8 */;
CREATE TABLE `user` (
  `userID` int(11) NOT NULL COMMENT 'user id -> abstract person (cascade)',
  `worker_num` int(11) NOT NULL,
  `role` varchar(45) DEFAULT NULL,
  `status` int(11) DEFAULT NULL,
  `Password` varchar(45) DEFAULT NULL,
  `cID` int(11) DEFAULT NULL,
  PRIMARY KEY (`worker_num`),
  KEY `ID_idx` (`userID`),
  KEY `clinicID_idx` (`cID`),
  KEY `cID_idx` (`cID`),
  CONSTRAINT `cID` FOREIGN KEY (`cID`) REFERENCES `clinic` (`ClinicID`) ON DELETE NO ACTION ON UPDATE NO ACTION,
  CONSTRAINT `userID` FOREIGN KEY (`userID`) REFERENCES `abstract_person` (`ID`) ON DELETE CASCADE ON UPDATE CASCADE
) ENGINE=InnoDB DEFAULT CHARSET=utf8;
/*!40101 SET character_set_client = @saved_cs_client */;

--
-- Dumping data for table `user`
--

LOCK TABLES `user` WRITE;
/*!40000 ALTER TABLE `user` DISABLE KEYS */;
INSERT INTO `user` VALUES (201345789,2001,'doctor',0,'12345',3001),(302628649,2002,'operator',0,'12345',3001),(111111111,2003,'laboratorian',0,'12345',3001),(309197119,2004,'manager',0,'12345',3001),(200543871,2005,'doctor',0,'12345',3001),(201143093,2006,'doctor',0,'12345',3001),(300234323,2007,'operator',0,'12345',3001),(300897561,2008,'laboratorian',0,'12345',3001),(301121542,2009,'manager',0,'12345',3001),(210908764,2010,'doctor',0,'12345',3001),(222222222,2011,'doctor',0,'12345',3001);
/*!40000 ALTER TABLE `user` ENABLE KEYS */;
UNLOCK TABLES;
/*!40103 SET TIME_ZONE=@OLD_TIME_ZONE */;

/*!40101 SET SQL_MODE=@OLD_SQL_MODE */;
/*!40014 SET FOREIGN_KEY_CHECKS=@OLD_FOREIGN_KEY_CHECKS */;
/*!40014 SET UNIQUE_CHECKS=@OLD_UNIQUE_CHECKS */;
/*!40101 SET CHARACTER_SET_CLIENT=@OLD_CHARACTER_SET_CLIENT */;
/*!40101 SET CHARACTER_SET_RESULTS=@OLD_CHARACTER_SET_RESULTS */;
/*!40101 SET COLLATION_CONNECTION=@OLD_COLLATION_CONNECTION */;
/*!40111 SET SQL_NOTES=@OLD_SQL_NOTES */;

-- Dump completed on 2016-11-01 15:30:45
